"","a2","a3","a4","b","gamma","l","mu","p","phi1","phi2","phi3","phi4","ql","r2","r3","r4","t1","t2","t3","t4","vL","y1","y2","z1","z2","z3","z4","Error"
"1",0.0667044593952596,0.036740641715005,0.00657318516168743,0.57151103077922,0.595633820397779,0.0303478768619243,0.0495773325092159,0.0835297864163294,0.787279893178493,0.562803372205235,0.326452181814238,0.313439025112893,1.95014937780797,0.000974651146680117,0.0648224649368785,0.0276833213865757,0.044127013348043,0.0336318691493943,0.0244579056947259,0.0591143056983128,0.00126206192770042,0.318704390781932,0.896799218840897,0.877329782699235,0.760776009969413,0.636800507875159,0.41258505214937,12795.9214623626
